scenario,seed,drift_level,accuracy,f1,roc_auc,precision,recall,rt_psi,rt_entropy,rt_stability,rt_model_score,rd_data_anomaly_rate,rd_data_score_mean,agg_unified_mean,agg_unified_std,agg_threshold_hits,agg_w_data,agg_w_model
A,42,0.0,0.99715,0.982151244715829,0.9996239661175271,0.9841543771572011,0.98015625,0.00014508378762102198,0.5011281508917135,0.00018114744211287717,0.16897392885345022,0.05003125,0.41147238422011734,0.18031970307520687,0.04288388980811954,0.0,0.3,0.7
A,42,0.5,0.985525,0.902729945401092,0.9534481012759002,0.9761126248864669,0.839609375,0.0075960719326709294,0.5078033175557232,0.00012791832115952403,0.1716915808093135,0.04269375,0.41071559476645325,0.18275752516607113,0.0411530836144329,0.0,0.3,0.7
A,42,1.0,0.98475,0.8979591836734694,0.9532784039041271,0.9661627069834413,0.83875,0.00804024594789639,0.5078606157844384,0.000195935124026849,0.17454077259387266,0.04463125,0.41212420668141947,0.18597658802120637,0.04097136411778919,0.0,0.3,0.7
A,42,1.5,0.9833875,0.8898375331564987,0.9529788186778193,0.947651836158192,0.838671875,0.00835485615134163,0.5079126797944773,0.0002854440195443171,0.1739920985224138,0.04736875,0.4144886431775014,0.18574232600569698,0.041016489480027396,0.0,0.3,0.7
A,42,2.0,0.981175,0.8768803139306737,0.9526288314155911,0.9195816186556928,0.83796875,0.009419814843764593,0.5080652335701147,0.00019812801678370653,0.17440154400786503,0.05159375,0.4179374116557025,0.18793732420213352,0.04153393739493861,0.0,0.3,0.7
A,42,4.0,0.9560125,0.7531565656565656,0.9442571822456691,0.6833630346232179,0.838828125,0.035995941641251236,0.5117284782564824,0.0006439153302955916,0.1847973881635435,0.10170625,0.44130872471284477,0.21146873237735409,0.04326685337645468,0.0,0.3,0.7
A,43,0.0,0.9975875,0.9849735284957957,0.9997573321798574,0.9816108007448789,0.988359375,4.2885628353174465e-05,0.5016740849549164,0.00014333330180678935,0.17052198419712486,0.0502125,0.41462197197921313,0.18052520770598882,0.04146149155761219,0.0,0.3,0.7
A,43,0.5,0.98669375,0.9116267485783073,0.9517836961829145,0.9725445044725888,0.857890625,0.009538778216692316,0.5096214553668285,6.59786828430881e-05,0.17283867173724365,0.0451,0.414710858037727,0.18299005354679793,0.04004040032284023,0.0,0.3,0.7
A,43,1.0,0.98580625,0.9062616089486936,0.9509889324685802,0.9607070972258686,0.85765625,0.009896752294251203,0.510146337919609,0.00015212877465625949,0.17406248364672086,0.04720625,0.4166506848373826,0.18670092242405145,0.041314784858254835,0.0,0.3,0.7
A,43,1.5,0.984625,0.8992958899623383,0.9498869772206182,0.9446164430684555,0.858125,0.010230027339731065,0.510800134172627,0.00017151170868709033,0.17549674438359994,0.05065625,0.41965085778072,0.190004256822428,0.04184323563388911,0.0,0.3,0.7
A,43,2.0,0.98284375,0.8890146767476651,0.9482412762185801,0.9213106511355066,0.85890625,0.011080256292103616,0.5116583554331322,0.0002100016336914159,0.1755377827953408,0.055325,0.4235323712511712,0.1939078737414107,0.042221437427858284,0.0,0.3,0.7
A,43,4.0,0.95725625,0.7627406764960971,0.9258662650730299,0.685990639625585,0.858828125,0.036980086469637324,0.5202310156349539,0.0004282451693002821,0.18645796353452357,0.10444375,0.4475176821727067,0.2201281199192809,0.04382193529555378,0.0,0.3,0.7
A,44,0.0,0.9975875,0.9849828820417056,0.9995692324431046,0.9810136391816491,0.988984375,8.694778266198105e-05,0.48719101203476556,3.1528099896249185e-05,0.16246301380023165,0.05001875,0.42324535917010037,0.17886180620190512,0.040257441872538643,0.0,0.3,0.7
A,44,0.5,0.98710625,0.9147274004877444,0.9572187507961107,0.9712103923461775,0.864453125,0.007923564849101354,0.49369102772797724,3.443950102785637e-06,0.16629630811214233,0.04406875,0.4231513286282503,0.18188138244604307,0.038693435605506296,0.0,0.3,0.7
A,44,1.0,0.9864,0.9104600444407868,0.9572966101604959,0.9618327247435229,0.864296875,0.007636268646173621,0.49337568099476675,5.587045084365196e-06,0.16577096949312445,0.0462,0.42490804187359965,0.18190911272539165,0.039069079565825234,0.0,0.3,0.7
A,44,1.5,0.98518125,0.9033231396534149,0.9572578931725544,0.9447334754797442,0.865390625,0.008050645768574692,0.4931444101183188,0.0002033310525456025,0.16740471621489353,0.049375,0.42781084419570997,0.18719965799159446,0.04115451124366352,0.0,0.3,0.7
A,44,2.0,0.983,0.8906840286150631,0.9566173103664233,0.9171494785631518,0.865703125,0.00922079979859546,0.49286301047918624,0.00011406293027825397,0.16917408462847486,0.0548125,0.43174839872123305,0.1917468142831294,0.04160157430970974,0.0,0.3,0.7
A,44,4.0,0.9569375,0.7624956911409859,0.941154521378227,0.6822948797038865,0.8640625,0.0390190342684918,0.4927165575965306,0.0010574849197464457,0.18797826696576062,0.10809375,0.45589296367932164,0.2229882655030945,0.042989707920374313,0.0,0.3,0.7
A,45,0.0,0.9964125,0.9774795982423101,0.9996221992824388,0.9817938209331651,0.973203125,0.00014797241706030191,0.49053432370691435,4.975556902897754e-05,0.16463060140344404,0.05035625,0.4073623964335151,0.17485033680579565,0.04168472542410311,0.0,0.3,0.7
A,45,0.5,0.98513125,0.9001385215967762,0.9412162340247112,0.9726934591309081,0.83765625,0.013502909877670808,0.5009257374085098,6.633857720315741e-05,0.17003794195443533,0.0458625,0.407415245950732,0.17961860388141918,0.041663816824875674,0.0,0.3,0.7
A,45,1.0,0.984175,0.894270920327376,0.9390145035453465,0.9605310369573018,0.8365625,0.013800372002469637,0.5016028140401547,2.9467328761174504e-05,0.17044776818568405,0.048175,0.4093425534121587,0.1810444416718791,0.04181592444426293,0.0,0.3,0.7
A,45,1.5,0.982975,0.8872143093739648,0.9370990640391474,0.9437984496124031,0.83703125,0.014404942636904257,0.5025086553397007,8.778374088504732e-05,0.17216187504469285,0.05194375,0.4123512282574831,0.1859778716778241,0.04278536854482879,0.0,0.3,0.7
A,45,2.0,0.9808625,0.8751427173381178,0.9343646903659986,0.9153019447287615,0.838359375,0.015127515467438901,0.5035900548362178,0.00013432302183151982,0.17229595735840916,0.0572625,0.4163435221987852,0.18876901512483868,0.043923915073826425,0.0,0.3,0.7
A,45,4.0,0.95663125,0.7570122912070596,0.9138476987092391,0.6859808339150854,0.844453125,0.04099152396566256,0.5118245436062046,0.0006869174588678309,0.19062382654559193,0.114175,0.4419386954110314,0.22054621882052683,0.04555146319989352,0.0,0.3,0.7
A,46,0.0,0.99729375,0.983094522312888,0.999600216011379,0.9825958011394678,0.98359375,6.517705910907429e-05,0.49027278378012906,2.4244143444947035e-05,0.16406014467208677,0.049575,0.41570730588492427,0.18376136054768505,0.04332048229390293,0.0,0.3,0.7
A,46,0.5,0.98645625,0.9098398169336385,0.984513379967731,0.973208722741433,0.85421875,0.009795725285819824,0.49835342264037547,2.889331380840304e-05,0.16802738149594687,0.04518125,0.4156418674014403,0.18800065688650347,0.04298255825893565,0.0,0.3,0.7
A,46,1.0,0.9858875,0.9065319976819273,0.9848287348208221,0.9640781827786582,0.85546875,0.010153284256751823,0.49847085361290383,8.226853024943013e-07,0.16786193836321026,0.0472375,0.41739573004668257,0.18831512402559142,0.04303047382092525,0.0,0.3,0.7
A,46,1.5,0.98490625,0.9007439069499815,0.9849394310992697,0.950307865753187,0.85609375,0.010110517328551347,0.4988189170289992,6.77670769436672e-05,0.17011978109171336,0.05046875,0.42019563795111026,0.19252421386456622,0.043029709611434486,0.0,0.3,0.7
A,46,2.0,0.9832875,0.8913008130081301,0.984947072435462,0.9290677966101695,0.856484375,0.011322012115210174,0.49952943410798306,5.453540609079858e-07,0.1684047286748905,0.0550125,0.42388590948809013,0.19374269655911658,0.04290684491998387,0.0,0.3,0.7
A,46,4.0,0.9632125,0.7881971932349766,0.97405107421875,0.7306204136090727,0.855625,0.04598433412163734,0.509402550243899,0.00029274304669141694,0.1827302969473518,0.1023375,0.447179336529753,0.2208223438117086,0.04410226389538213,0.0,0.3,0.7
A,47,0.0,0.99715,0.9821888914928522,0.9996070376188859,0.9821121699734416,0.982265625,0.0001292745566438145,0.4913435708695147,3.644612286673707e-05,0.16428479187605094,0.0497125,0.4114487118966119,0.17764589669700467,0.041719513084469424,0.0,0.3,0.7
A,47,0.5,0.9859625,0.9061742835658785,0.9584426959493886,0.9737834440653618,0.84734375,0.005078959158598817,0.4967551831712397,0.00010066450904638513,0.1680559872520073,0.04469375,0.4118840220217213,0.18080063005820807,0.04032053352969056,0.0,0.3,0.7
A,47,1.0,0.9852,0.9015056983612012,0.958630976668648,0.963974381782601,0.846640625,0.005130939131406407,0.49675251057331116,4.166809720100812e-05,0.16687493314218393,0.048075,0.4144168109352269,0.18501740849297002,0.04236340246493804,0.0,0.3,0.7
A,47,1.5,0.983675,0.892377420683972,0.9583125674040421,0.9441150828247602,0.846015625,0.005455349260884457,0.4969598424660862,0.00018752031210144462,0.168884129687613,0.05230625,0.4178848172926004,0.18776075863290836,0.04184653791782788,0.0,0.3,0.7
A,47,2.0,0.98166875,0.8806510681586979,0.9573701755689539,0.9189808917197452,0.845390625,0.005979022252300384,0.49733022274166677,0.0002115187901182304,0.16923345916367816,0.06010625,0.42261981541710375,0.18960812818111916,0.042098774290348494,0.0,0.3,0.7
A,47,4.0,0.9562875,0.7558813263525306,0.9472518859863281,0.6831545741324921,0.8459375,0.027013261837719106,0.503286856870151,0.00045712004157497403,0.17873124310481847,0.1360375,0.4502584799264875,0.21627941797453518,0.04489074472860739,0.0,0.3,0.7
A,48,0.0,0.9969625,0.9810111744940221,0.9996887599779212,0.9812412068156948,0.98078125,0.00018142313980815887,0.4845860454693963,7.258011714667753e-05,0.16253462245063247,0.049575,0.4204660952030281,0.18218609941051592,0.04308017463324541,0.0,0.3,0.7
A,48,0.5,0.98584375,0.9054398196468083,0.9175233525815217,0.9722944499237873,0.8471875,0.013470887739053725,0.4934928146538532,5.4949479130634804e-05,0.16806744678853677,0.0435,0.4201484514463749,0.18997258890136567,0.04425322177410012,0.0,0.3,0.7
A,48,1.0,0.98491875,0.8996798736124392,0.9174207784901496,0.9615213720785568,0.8453125,0.01403957689520943,0.4937518624729351,8.809013054047346e-05,0.16870639966319892,0.04529375,0.4218665611917375,0.19204332460868417,0.043662710271924685,0.0,0.3,0.7
A,48,1.5,0.98355625,0.891473827496597,0.9176310212508493,0.9443327798654199,0.84421875,0.013875537037755705,0.4940743712232246,0.00014526173858967053,0.16978632962628706,0.04875,0.4247315945145045,0.19377396107628891,0.0435292132142514,0.0,0.3,0.7
A,48,2.0,0.981425,0.8789310738145674,0.918122940461532,0.9182839632277835,0.8428125,0.014793455449924699,0.49452134465472025,0.00019955254912366736,0.17095464421200124,0.0533,0.4286233109367584,0.1966613486980665,0.04375008605564276,0.0,0.3,0.7
A,48,4.0,0.95609375,0.7551496985117284,0.9143426930303159,0.6817066263922975,0.846328125,0.03960763003281538,0.5000931716164189,0.0004907082432750507,0.1781760740544034,0.10323125,0.4528633519408969,0.22065107429809785,0.04445275756876209,0.0,0.3,0.7
A,49,0.0,0.99659375,0.9786215823951673,0.9995744506835937,0.9827463956511463,0.97453125,0.00013172335805359444,0.4951413717698195,2.3545574588303348e-05,0.16547843456052372,0.050375,0.41008311317931,0.17884794227667222,0.04245633510075341,0.0,0.3,0.7
A,49,0.5,0.98638125,0.9090757354475276,0.9247088007387907,0.9756381549484998,0.851015625,0.008802610522343289,0.5018139860157237,0.00018109741440137852,0.171623840037097,0.0448125,0.4097692958571539,0.18401214387218476,0.04162690705880928,0.0,0.3,0.7
A,49,1.0,0.985675,0.9049041573313418,0.9231818492060122,0.9648734737214653,0.851953125,0.008702746804100771,0.5025998817898252,8.935800684502873e-05,0.1693435537636496,0.04683125,0.4114844520768029,0.1827766032155663,0.04138283281620337,0.0,0.3,0.7
A,49,1.5,0.98441875,0.8974369523182623,0.920882683264691,0.9478578256713305,0.852109375,0.008671207147720808,0.5036467130464616,0.00023348538324752315,0.17205801923957698,0.04951875,0.414182532173527,0.18426528283679303,0.040141584602918716,0.0,0.3,0.7
A,49,2.0,0.98255,0.8866146848602989,0.9189410477347997,0.9232070365358592,0.8528125,0.009314932594177412,0.504960425873858,7.593873452726012e-05,0.17346041809401155,0.0543625,0.41794609643099156,0.18746710044620402,0.0402661461543725,0.0,0.3,0.7
A,49,4.0,0.95960625,0.7720844941284339,0.9041323205035665,0.7036703734653211,0.855234375,0.03423123896628925,0.5149401294445013,0.0007205071979036514,0.1901057444890927,0.10608125,0.44225154143800066,0.21426740416538415,0.041063996788845765,0.0,0.3,0.7
A,50,0.0,0.997275,0.9829501016737057,0.9996487299380096,0.9840275602881303,0.981875,0.0004242562697094773,0.4847974875073931,0.0002778417053883659,0.16560011914507017,0.04949375,0.4118531090670364,0.18076212969851843,0.04366664965497564,0.0,0.3,0.7
A,50,0.5,0.9864,0.909189550121025,0.9525153824515965,0.9759003762766529,0.851015625,0.014202036714781164,0.49172183671816994,4.33847188433821e-05,0.16753278674515718,0.043225,0.41121375921783654,0.18205395540521002,0.041693657996196995,0.0,0.3,0.7
A,50,1.0,0.9858875,0.9062759422214843,0.952073861827021,0.9667906482465463,0.852890625,0.014607542446875848,0.49197400157245685,6.908751811680246e-05,0.16731018870654338,0.04465625,0.4127312210107797,0.1810792825325112,0.040910464189859226,0.0,0.3,0.7
A,50,1.5,0.98491875,0.9006136990815108,0.9512428005052649,0.9524348810872028,0.854140625,0.015106052932058411,0.49245797931163815,5.3764220498085626e-05,0.1680524156059122,0.0473375,0.4154007428207011,0.18440837198827623,0.041547283234612084,0.0,0.3,0.7
A,50,2.0,0.9833125,0.891215775749674,0.9508438211192256,0.9312840599455041,0.854453125,0.01617171454475522,0.49310926457298254,8.562272506888797e-05,0.16865105292889201,0.05135625,0.41911062112127967,0.1882775278535511,0.04233005772959749,0.0,0.3,0.7
A,50,4.0,0.96235,0.7848571428571428,0.9400842675250509,0.7228947368421053,0.8584375,0.0396262908302263,0.5008556814416343,0.0008675165841878137,0.18935410640979836,0.099025,0.4430442021687418,0.21766802655137782,0.04326114909587155,0.0,0.3,0.7
A,51,0.0,0.9969625,0.9809620808523973,0.9996108079993207,0.9837366436203645,0.978203125,0.00016410451679777863,0.5091438752460031,0.00013951863964103988,0.1707231336293582,0.04993125,0.4150129283148027,0.18204457567901827,0.04108808409931366,0.0,0.3,0.7
A,51,0.5,0.9861375,0.9073671901102572,0.9506948305876358,0.9747846374730796,0.848671875,0.008262530008579334,0.5146080907445335,8.065834856351365e-05,0.17480938239686575,0.0454125,0.41538075836849786,0.1850339136916205,0.04027590732797364,0.0,0.3,0.7
A,51,1.0,0.98545,0.9033463422735198,0.9497872335682744,0.9639376218323586,0.849921875,0.008619501050011238,0.5145477893739919,0.000132809383884424,0.1752511952673986,0.04775,0.4176389598097308,0.18706929996158975,0.04070337414645409,0.0,0.3,0.7
A,51,1.5,0.98414375,0.8956439471844021,0.9483336526621944,0.9457909825384415,0.850546875,0.009169089847715094,0.5147279965526584,0.00044124924684700123,0.17774810069682598,0.05164375,0.42092539359637976,0.19393092164947573,0.042632551061736246,0.0,0.3,0.7
A,51,2.0,0.98185,0.8823529411764706,0.9468237755816916,0.916358128576237,0.85078125,0.009975775202421357,0.5148840012044741,0.0001845088240691697,0.1755591238287867,0.0583125,0.42526113328376924,0.19583578989212075,0.042895684750870626,0.0,0.3,0.7
A,51,4.0,0.95609375,0.7566762495237436,0.9304899801503057,0.6796714579055442,0.853359375,0.04113028883296969,0.5179216897886691,0.0007725033706879483,0.18996794622049382,0.12451875,0.4513671103427918,0.22455671541402125,0.043890655374365685,0.0,0.3,0.7
B,42,0.0,0.99699375,0.9812395179219159,0.9996120022391509,0.982734375,0.9797492016512189,0.3964021743614982,0.5052417804460367,8.982023814596979e-05,0.23707734629319074,0.0023625,0.4020863414190423,0.23548867477203894,0.0367582981282841,0.0,0.3,0.7
B,42,0.5,0.99699375,0.9812395179219159,0.9996120022391509,0.982734375,0.9797492016512189,0.3292715767475097,0.5056191021730345,0.0003288132040866896,0.22913110461505334,0.0054375,0.40711074715158135,0.2318825089001645,0.03741200414713614,0.0,0.3,0.7
B,42,1.0,0.99699375,0.9812395179219159,0.9996120022391509,0.982734375,0.9797492016512189,0.23715993333250487,0.5079514119292485,0.0003308834460433734,0.21534175773403386,0.02719375,0.4237635654319125,0.23254671103298882,0.040301757931957415,0.0,0.3,0.7
B,42,1.5,0.99699375,0.9812395179219159,0.9996120022391509,0.982734375,0.9797492016512189,0.16951453628012444,0.5170914660003683,0.0012006304256333602,0.21976183543738803,0.11644375,0.4506419805065196,0.25522451368262755,0.04350014738176631,0.0,0.3,0.7
B,42,2.0,0.99699375,0.9812395179219159,0.9996120022391509,0.982734375,0.9797492016512189,0.3511083644791486,0.538017734925539,0.0015830725368021375,0.26359526840296893,0.33273125,0.48436252157317977,0.30908241111766477,0.043663133815342155,0.0,0.3,0.7
B,42,4.0,0.99699375,0.9812395179219159,0.9996120022391509,0.982734375,0.9797492016512189,5.4376673955321255,0.2628109628808854,0.0007436323880225788,0.4310838846909603,0.9955125,0.6152433498357672,0.5047031505176494,0.03329570313681673,0.59575625,0.3,0.7
B,43,0.0,0.99743125,0.9838842489118927,0.9997503679347313,0.98015625,0.9876407147917815,1.1483310373297846,0.5072868923112273,0.00013364102282240788,0.36189190099394675,0.00311875,0.405429382800227,0.324520614385359,0.03767740101448635,0.00025625,0.3,0.7
B,43,0.5,0.99743125,0.9838842489118927,0.9997503679347313,0.98015625,0.9876407147917815,0.47370414938079575,0.5093785104077353,0.00011989070934097271,0.2502930225782186,0.0069125,0.4123851515500499,0.25362463983054667,0.039158105007085255,0.0,0.3,0.7
B,43,1.0,0.99743125,0.9838842489118927,0.9997503679347313,0.98015625,0.9876407147917815,0.295947645908338,0.5150622179388259,9.132510531358648e-05,0.22361183457947745,0.0290125,0.4302073490588746,0.2453751307659403,0.04065453269509237,0.0,0.3,0.7
B,43,1.5,0.99743125,0.9838842489118927,0.9997503679347313,0.98015625,0.9876407147917815,0.19671504067273254,0.5305912378745997,0.0008869520272610804,0.2216636005837084,0.11069375,0.4560528212918791,0.2611013230205264,0.04087846459944751,0.0,0.3,0.7
B,43,2.0,0.99743125,0.9838842489118927,0.9997503679347313,0.98015625,0.9876407147917815,0.36875134819856203,0.5603612326785884,0.0019407671080427218,0.2824212461384738,0.30856875,0.4862826925320283,0.32193615041048707,0.04026960041537425,0.0,0.3,0.7
B,43,4.0,0.99743125,0.9838842489118927,0.9997503679347313,0.98015625,0.9876407147917815,5.4126195395303585,0.29667243186567255,0.00040493318476182504,0.4392552023364315,0.99279375,0.6015266404343776,0.4870825966269077,0.03752458746510759,0.40266875,0.3,0.7
B,44,0.0,0.997375,0.9835255354200988,0.9995046388422021,0.979453125,0.987631952103356,0.36539079237457783,0.4933077547345032,2.3285231852375416e-07,0.22533807147406415,0.0046125,0.41450196390816557,0.2321213752196166,0.037471689251057705,0.0,0.3,0.7
B,44,0.5,0.997375,0.9835255354200988,0.9995046388422021,0.979453125,0.987631952103356,0.28245231855941816,0.4927176325851371,0.0001902681964359443,0.2142177207140061,0.00899375,0.4210974330628435,0.23260790827222427,0.04042412988201669,0.0,0.3,0.7
B,44,1.0,0.997375,0.9835255354200988,0.9995046388422021,0.979453125,0.987631952103356,0.18667090007205836,0.49255575845563343,4.652230002621322e-05,0.19849076050191775,0.03440625,0.4391171115115536,0.23420965988986253,0.0432337698334632,0.0,0.3,0.7
B,44,1.5,0.997375,0.9835255354200988,0.9995046388422021,0.979453125,0.987631952103356,0.1733431831851272,0.49473957006783165,0.001143631480419151,0.21449353843097255,0.12153125,0.46499892756696065,0.26513909500594496,0.043987498289773996,0.0,0.3,0.7
B,44,2.0,0.997375,0.9835255354200988,0.9995046388422021,0.979453125,0.987631952103356,0.4369932413821604,0.4972788329705385,0.001879765096296075,0.2727596243571106,0.31813125,0.49454885854532565,0.3252771115124579,0.0401330975873383,0.0,0.3,0.7
B,44,4.0,0.997375,0.9835255354200988,0.9995046388422021,0.979453125,0.987631952103356,5.581531721183498,0.16796018200529278,0.0008435259376097881,0.40380352317336404,0.990325,0.5909936211014799,0.450894645415125,0.03318354460638035,0.05145625,0.3,0.7
B,45,0.0,0.99630625,0.976976119054112,0.9995873834897262,0.979609375,0.9743569818944751,1.0964447166372473,0.4957787785376259,3.341068432349632e-05,0.34822368996014824,0.004225,0.3978448421035849,0.30811308976682755,0.035578815700697285,7.5e-05,0.3,0.7
B,45,0.5,0.99630625,0.976976119054112,0.9995873834897262,0.979609375,0.9743569818944751,1.05444587847427,0.49850559489432006,4.481396291455409e-05,0.3422353028434572,0.0093875,0.40477389590730634,0.30961874019005425,0.038372758579681795,7.5e-05,0.3,0.7
B,45,1.0,0.99630625,0.976976119054112,0.9995873834897262,0.979609375,0.9743569818944751,0.2870887267025715,0.5045294344970018,0.0003716622514171312,0.22027729181277744,0.03706875,0.42348731743188817,0.23994473614363673,0.04292231165343851,0.0,0.3,0.7
B,45,1.5,0.99630625,0.976976119054112,0.9995873834897262,0.979609375,0.9743569818944751,0.19809569214413944,0.5182428907363513,0.0008523516311745048,0.2193005248636801,0.1340625,0.4519228498423825,0.25902683655668834,0.04527195623586812,0.0,0.3,0.7
B,45,2.0,0.99630625,0.976976119054112,0.9995873834897262,0.979609375,0.9743569818944751,0.3662347827670402,0.5425208317290904,0.0019914760326339943,0.2733467644322222,0.35325625,0.48667141931269653,0.31860140775869505,0.04555163257870045,0.0,0.3,0.7
B,45,4.0,0.99630625,0.976976119054112,0.9995873834897262,0.979609375,0.9743569818944751,5.435482604866582,0.24410919358508426,0.0009914637372053427,0.43261022619706174,0.9951625,0.6196061156111832,0.4939522010902966,0.03628883249831575,0.48026875,0.3,0.7
B,46,0.0,0.99746875,0.9841642228739003,0.9996216092957815,0.983203125,0.9851272015655578,0.35452623794626104,0.49571159375625995,2.643962056048309e-05,0.2246841375894011,0.0046,0.4067045860510703,0.2370417698623604,0.04082732366342443,0.0,0.3,0.7
B,46,0.5,0.99746875,0.9841642228739003,0.9996216092957815,0.983203125,0.9851272015655578,0.31918078584474807,0.49654742379875927,7.133848961034311e-05,0.21904154914456042,0.00905625,0.41303027752424204,0.23310062956308455,0.04008231990090332,0.0,0.3,0.7
B,46,1.0,0.99746875,0.9841642228739003,0.9996216092957815,0.983203125,0.9851272015655578,0.29413084232900705,0.5025857944037867,0.00027527050056177745,0.22031934969732567,0.0305125,0.4301915295657904,0.2472417063012811,0.04209971246694468,0.0,0.3,0.7
B,46,1.5,0.99746875,0.9841642228739003,0.9996216092957815,0.983203125,0.9851272015655578,0.2887832636821908,0.5232226815938429,0.0005697859822626934,0.2328718515173449,0.10484375,0.4553249000451773,0.2780673462889594,0.04406857251180281,0.0,0.3,0.7
B,46,2.0,0.99746875,0.9841642228739003,0.9996216092957815,0.983203125,0.9851272015655578,0.5177465798834597,0.5693376160841768,0.001285173784180157,0.29620891981877323,0.27656875,0.4840533329454822,0.34065886570314524,0.041529405351638675,1.25e-05,0.3,0.7
B,46,4.0,0.99746875,0.9841642228739003,0.9996216092957815,0.983203125,0.9851272015655578,5.2910677183623465,0.4309195526645995,0.0006689416503170043,0.48971322761683145,0.98666875,0.5841814954797625,0.5156767191437762,0.03189260625534386,0.707225,0.3,0.7
B,47,0.0,0.99735,0.9834284374267177,0.9996708483375714,0.982890625,0.9839668387298608,0.36391786946714255,0.4965217384659147,2.309945516044047e-07,0.22616408252861517,0.0033,0.4022737379445958,0.23087253905449828,0.03798234968694007,0.0,0.3,0.7
B,47,0.5,0.99735,0.9834284374267177,0.9996708483375714,0.982890625,0.9839668387298608,0.2527650750639152,0.49688130660973623,0.00047296963880537086,0.21489066602651039,0.01096875,0.4112117841113411,0.22854534303031396,0.04016218777690401,0.0,0.3,0.7
B,47,1.0,0.99735,0.9834284374267177,0.9996708483375714,0.982890625,0.9839668387298608,0.14347382224505079,0.5006792091448817,0.00013103500807030237,0.1915975327770132,0.0497125,0.43197190631655175,0.22837722135079952,0.04423272240581925,0.0,0.3,0.7
B,47,1.5,0.99735,0.9834284374267177,0.9996708483375714,0.982890625,0.9839668387298608,0.1052435341520317,0.5131076966290741,0.0006817996995303054,0.20086651297909294,0.17304375,0.46115322273361925,0.258914010452699,0.04696705831841472,0.0,0.3,0.7
B,47,2.0,0.99735,0.9834284374267177,0.9996708483375714,0.982890625,0.9839668387298608,0.31295082753375464,0.5381615966541629,0.0021018857568931033,0.268955638000685,0.41555,0.4938340696252759,0.33136341951466014,0.0441043814302992,0.0,0.3,0.7
B,47,4.0,0.99735,0.9834284374267177,0.9996708483375714,0.982890625,0.9839668387298608,5.505545314215662,0.26122242101681986,0.0014796949780703068,0.4458681306674435,0.99679375,0.5932440756897355,0.4984131747889396,0.02966203758907756,0.50175625,0.3,0.7
B,48,0.0,0.99699375,0.9812028606041658,0.9996788410537076,0.98078125,0.9816248338415826,1.125873372014172,0.48976340993415923,4.900422924661202e-05,0.35161873571734126,0.00526875,0.4116871945710683,0.3200973808801677,0.038868423884249256,0.000125,0.3,0.7
B,48,0.5,0.99699375,0.9812028606041658,0.9996788410537076,0.98078125,0.9816248338415826,0.46702286844376684,0.490892363041419,0.00011512709259731854,0.24421152013752986,0.00813125,0.4178796193989863,0.2536481159145689,0.041008349542781215,0.0,0.3,0.7
B,48,1.0,0.99699375,0.9812028606041658,0.9996788410537076,0.98078125,0.9816248338415826,0.29637577366534706,0.49444665998403725,0.00020833253129470814,0.2185386089615303,0.03123125,0.4358620496518208,0.2489544052670145,0.042781499933569694,0.0,0.3,0.7
B,48,1.5,0.99699375,0.9812028606041658,0.9996788410537076,0.98078125,0.9816248338415826,0.20051695530661331,0.5064248326858031,0.0013554197517776615,0.22161350517065614,0.1127,0.4619780146942426,0.2680012182994725,0.04347611147596335,0.0,0.3,0.7
B,48,2.0,0.99699375,0.9812028606041658,0.9996788410537076,0.98078125,0.9816248338415826,0.37067385729910723,0.5324825300449832,0.0016677664608820406,0.2665039811135472,0.30253125,0.4921495577943378,0.31789816719745695,0.04155971751209081,0.0,0.3,0.7
B,48,4.0,0.99699375,0.9812028606041658,0.9996788410537076,0.98078125,0.9816248338415826,5.371310659828028,0.3180089344948606,0.0005170301687633103,0.4499279465378221,0.9902375,0.5976521021757135,0.4934281099980728,0.03445461274892025,0.45644375,0.3,0.7
B,49,0.0,0.99644375,0.9778745576855776,0.9995726015331784,0.98234375,0.9734458465587985,0.3544003094967704,0.5001123870067037,1.6646886504298154e-07,0.2257741125401015,0.00373125,0.40086316286287793,0.2303567306518421,0.038782785386308215,0.0,0.3,0.7
B,49,0.5,0.99644375,0.9778745576855776,0.9995726015331784,0.98234375,0.9734458465587985,0.2475811683646052,0.5033260476217818,0.00012142382503387682,0.21023979474155505,0.00665625,0.40685723507790056,0.22303903247123139,0.03917488899231897,0.0,0.3,0.7
B,49,1.0,0.99644375,0.9778745576855776,0.9995726015331784,0.98234375,0.9734458465587985,0.1274438018214798,0.5106669105476767,7.610343481313401e-05,0.19321558970440342,0.0301875,0.4246006274816564,0.21842723529634694,0.03926376689585564,0.0,0.3,0.7
B,49,1.5,0.99644375,0.9778745576855776,0.9995726015331784,0.98234375,0.9734458465587985,0.08626360517482458,0.5266625060517665,0.0005941319374694473,0.1999526869749233,0.120925,0.4515180837074613,0.24267881254642512,0.04239616271575708,0.0,0.3,0.7
B,49,2.0,0.99644375,0.9778745576855776,0.9995726015331784,0.98234375,0.9734458465587985,0.30530624611600043,0.5538533295875666,0.0017957156260838703,0.2682894651045105,0.33159375,0.48461633223298584,0.31429560910513177,0.04360743736696772,0.0,0.3,0.7
B,49,4.0,0.99644375,0.9778745576855776,0.9995726015331784,0.98234375,0.9734458465587985,5.517489922909302,0.2790995529746379,0.0007943801294482335,0.4396612233382964,0.994825,0.6121556159490587,0.4980931510784929,0.033326130525129956,0.5248125,0.3,0.7
B,50,0.0,0.99704375,0.9815443442974755,0.9996267818768471,0.98265625,0.9804349520617351,1.1104582285292244,0.489037514028376,5.144404834939772e-05,0.3487904875791455,0.00276875,0.4024028734001335,0.31971545616049957,0.039774927807204145,0.0002375,0.3,0.7
B,50,0.5,0.99704375,0.9815443442974755,0.9996267818768471,0.98265625,0.9804349520617351,1.0617258688345457,0.4903571962761416,0.00014474065371770993,0.34249159566258136,0.00548125,0.40796805553966603,0.3134932379319228,0.03749965375438399,6.25e-05,0.3,0.7
B,50,1.0,0.99704375,0.9815443442974755,0.9996267818768471,0.98265625,0.9804349520617351,0.27896864678268124,0.49543704364555685,0.0004513693296850834,0.2165770870809278,0.02568125,0.4254029962013456,0.2383612640557233,0.04058630967622953,0.0,0.3,0.7
B,50,1.5,0.99704375,0.9815443442974755,0.9996267818768471,0.98265625,0.9804349520617351,0.16259869158142481,0.5106357918955504,0.0011831728491867896,0.21713646305998605,0.10715625,0.45196978467685706,0.2566445628361065,0.042533866503703235,0.0,0.3,0.7
B,50,2.0,0.99704375,0.9815443442974755,0.9996267818768471,0.98265625,0.9804349520617351,0.30624099233734087,0.5412388361913483,0.0021512463612827462,0.26594265745049994,0.307975,0.48465048826150325,0.3129362126805386,0.042879525936162614,0.0,0.3,0.7
B,50,4.0,0.99704375,0.9815443442974755,0.9996267818768471,0.98265625,0.9804349520617351,5.352928068174153,0.27664508841464347,0.0010039966111456667,0.44104583970965416,0.99373125,0.6051828886643719,0.501744185447956,0.03199350243399668,0.5688875,0.3,0.7
B,51,0.0,0.99699375,0.981254140847266,0.9995931147148804,0.983515625,0.9790030328952485,0.511757946305035,0.5149504024835413,2.2365773454301143e-07,0.2569469580105544,0.00308125,0.40594447117117,0.25776366885566354,0.040451462632052564,0.0,0.3,0.7
B,51,0.5,0.99699375,0.981254140847266,0.9995931147148804,0.983515625,0.9790030328952485,0.4125689172862479,0.5152940811477597,1.1611395567461036e-05,0.24199588860255786,0.00906875,0.41408242108570376,0.2469733114208415,0.03975099797554657,0.0,0.3,0.7
B,51,1.0,0.99699375,0.981254140847266,0.9995931147148804,0.983515625,0.9790030328952485,0.284550281333461,0.5175156445074257,0.0002717274319926972,0.22335449713000002,0.0409625,0.43360829056409966,0.24849134549163182,0.04310853567024263,0.0,0.3,0.7
B,51,1.5,0.99699375,0.981254140847266,0.9995931147148804,0.983515625,0.9790030328952485,0.23753630967242126,0.5242680157158124,0.0009062061519820638,0.2285606302089296,0.15348125,0.4614954415045598,0.27598935377940226,0.04527294765675289,0.0,0.3,0.7
B,51,2.0,0.99699375,0.981254140847266,0.9995931147148804,0.983515625,0.9790030328952485,0.455413208019268,0.5353204334603509,0.0016182333682508807,0.28204672571052714,0.3876125,0.49353578820175253,0.33201411592200364,0.04199013502671534,0.0,0.3,0.7
B,51,4.0,0.99699375,0.981254140847266,0.9995931147148804,0.983515625,0.9790030328952485,5.563502929761861,0.20587606958510668,0.0005710802068999565,0.4107570717584394,0.9967,0.5912552399367401,0.4623993100803662,0.027830956002663818,0.07784375,0.3,0.7
C,42,0.0,0.99715,0.982151244715829,0.9996239661175271,0.9841543771572011,0.98015625,0.00014508378762102198,0.5011281508917135,0.00018118669461402503,0.1704282367670774,0.05003125,0.41147238422011734,0.18133771861474593,0.04288388980811954,0.0,0.3,0.7
C,42,0.5,0.98261875,0.885248607386012,0.9529104091478431,0.9380848272846524,0.838046875,0.00864154864250214,0.5079799334878035,0.0002741747781919709,0.17517032318059103,0.0485375,0.4155160206887538,0.18733340248171662,0.04132650674203071,0.0,0.3,0.7
C,42,1.0,0.96879375,0.8111073279612605,0.9496589002526326,0.7863272940658695,0.8375,0.019552993889390063,0.5097156492213364,0.0004119402969571228,0.1809181464529929,0.0766125,0.4318757877228898,0.20083985567694218,0.04191622631427488,0.0,0.3,0.7
C,42,1.5,0.92209375,0.6327017709284851,0.9250894215459409,0.5079244925959219,0.83875,0.09366015438238183,0.5171520097429071,0.0012041255807157282,0.2083466998471509,0.16749375,0.4579065218367078,0.23991417898739664,0.04353609246312949,0.0,0.3,0.7
C,42,2.0,0.80535,0.41144455363217175,0.8767286899732507,0.2713630471632266,0.85046875,0.38365978402471673,0.5334261128215915,0.002084506873844385,0.2738220417806008,0.37275625,0.49034655887998085,0.3049235638800693,0.04216291309959894,0.0,0.3,0.7
C,42,4.0,0.10924375,0.1496614062826288,0.6277451400093411,0.08101805497238461,0.97984375,5.466170913405973,0.25447661346807937,0.0008827920794866533,0.4324536833390542,0.993575,0.6171701542283886,0.4891391171139987,0.029901287112055187,0.38075625,0.3,0.7
C,43,0.0,0.9975875,0.9849735284957957,0.9997573321798574,0.9816108007448789,0.988359375,4.2885628353174465e-05,0.5016740849549164,0.0001819978819905015,0.16979802052110227,0.0502125,0.41462197197921313,0.18001843313277302,0.04146149155761219,0.0,0.3,0.7
C,43,0.5,0.984,0.8956124612624368,0.9495528362771739,0.9367110201296486,0.85796875,0.010546269597540086,0.5110571451310222,0.00024085375570811595,0.1748851204878528,0.0518875,0.4208324075236316,0.19111040982923008,0.041851212681695844,0.0,0.3,0.7
C,43,1.0,0.970175,0.821607476635514,0.9360083342179008,0.787741935483871,0.858515625,0.02157037435909151,0.5162100088419651,0.0005423796119683116,0.1835607288295008,0.08046875,0.43823954121454956,0.2125519807079797,0.04373031654188091,0.0,0.3,0.7
C,43,1.5,0.9231375,0.6415413314678792,0.9040792233674423,0.5116700762506974,0.859765625,0.09524093376731442,0.5297036147928181,0.0011622832510256003,0.21163929431455697,0.1637375,0.4632025144040619,0.24958635873306675,0.042863041170752264,0.0,0.3,0.7
C,43,2.0,0.80625,0.4181463268140696,0.8655853611158287,0.27518652107317554,0.870234375,0.3867938633741448,0.5544468311260479,0.00169376559004489,0.2778329591866446,0.3507375,0.4922454522889803,0.3118287147674005,0.041013235529754076,0.0,0.3,0.7
C,43,4.0,0.10889375,0.14965199291461154,0.6553243238366169,0.08101040234004223,0.98015625,5.440900278582879,0.28674280397976665,0.0007085376285844222,0.44155458191814806,0.99046875,0.6036785669429144,0.49612902646671325,0.029218043044299976,0.47450625,0.3,0.7
C,44,0.0,0.9975875,0.9849828820417056,0.9995692324431046,0.9810136391816491,0.988984375,8.694778266198105e-05,0.48719101203476556,1.4800414424236431e-05,0.16246229113958366,0.05001875,0.42324535917010037,0.17886130033945155,0.040257441872538643,0.0,0.3,0.7
C,44,0.5,0.98459375,0.8999066065700247,0.9570845981763757,0.9369239874862603,0.865703125,0.008402891534376598,0.4930762200217387,0.0003080800060461503,0.16924375892356405,0.05109375,0.4290049881612688,0.19017456066621424,0.04098330521587151,0.0,0.3,0.7
C,44,1.0,0.97048125,0.8241295848072985,0.9495678411069124,0.7873354678050516,0.86453125,0.020071355556864467,0.4925300073955519,0.0004394476440066523,0.17225004621027196,0.08235625,0.44658943375942306,0.2058112594954111,0.0432572786968256,0.0,0.3,0.7
C,44,1.5,0.9226625,0.642225177817614,0.9171379338803499,0.5097769209584136,0.86765625,0.1036553852341106,0.49327710712835526,0.0013209889647859646,0.20666597261879335,0.1702125,0.47149851733084625,0.2502845409813875,0.04325085105717673,0.0,0.3,0.7
C,44,2.0,0.8059375,0.4197129401211034,0.8619794791843579,0.27584258622383806,0.877265625,0.43481879318105815,0.49282425404555424,0.0020035046911577575,0.27425244485590217,0.357125,0.4998735439284985,0.31629804433179254,0.04030867578487337,0.0,0.3,0.7
C,44,4.0,0.107675,0.1497617913292044,0.5692034142535666,0.08105982465188241,0.98234375,5.61748047380695,0.1648434144250517,0.0006337230878825,0.40008378325597826,0.987875,0.5932577470973758,0.4566247547288559,0.02797371872459497,0.0479125,0.3,0.7
C,45,0.0,0.9964125,0.9774795982423101,0.9996221992824389,0.9817938209331651,0.973203125,0.00014797241706030191,0.49053432370691435,1.7969676961270596e-05,0.16410833456579535,0.05035625,0.4073623964335151,0.17448475001944158,0.04168472542410311,0.0,0.3,0.7
C,45,0.5,0.98236875,0.8837228473682042,0.9361759163234544,0.9353459558502748,0.8375,0.014654512638825593,0.5028779501065201,5.2339039715445317e-05,0.17131170391716888,0.05364375,0.41356926874470756,0.18606805596577597,0.04315956123031945,0.0,0.3,0.7
C,45,1.0,0.96870625,0.8110494735650402,0.922986715565557,0.7844368202058545,0.83953125,0.02509305817208444,0.5081153793004073,0.0001915078691597915,0.17705732116009384,0.08645625,0.4318602634143904,0.2040010489141144,0.04537348464487208,0.0,0.3,0.7
C,45,1.5,0.9235375,0.6401764705882353,0.8933564479662024,0.5133490566037736,0.850234375,0.09781707296537966,0.5199076005317507,0.0009717344363228761,0.2051840924897462,0.18318125,0.45931449434624083,0.24008002454484448,0.044522462021835484,0.0,0.3,0.7
C,45,2.0,0.80801875,0.4197880659602199,0.8532519809888757,0.27682419471363445,0.868125,0.38455834897036334,0.539638735434205,0.001775153317121245,0.2723276442868802,0.39114375,0.4926940095724411,0.30700138605707566,0.04401199796539882,0.0,0.3,0.7
C,45,4.0,0.1089,0.14996720920527037,0.6160194282863451,0.08117859678564512,0.982578125,5.499102129681889,0.23841406789463981,0.0008487065702633091,0.42290364571413397,0.99343125,0.621328535852604,0.4857023194800918,0.030592277134665533,0.34588125,0.3,0.7
C,46,0.0,0.99729375,0.983094522312888,0.999600216011379,0.9825958011394678,0.98359375,6.517705910907429e-05,0.4902727837801292,8.5161418282711e-05,0.16377683275470256,0.049575,0.41570730588492427,0.18356304220551609,0.04332048229390292,0.0,0.3,0.7
C,46,0.5,0.98444375,0.8980294153795731,0.9849939763608186,0.944095098630373,0.85625,0.01050989393572022,0.4990279287838576,0.0001255868903136429,0.16921153165824587,0.05175,0.4213270975069955,0.1910991148718924,0.04275531471094583,0.0,0.3,0.7
C,46,1.0,0.97355625,0.8380354476897753,0.980121602730129,0.8215867297155295,0.85515625,0.02496870753559126,0.5043190444990687,0.0001705359474685196,0.1745518295905394,0.0794,0.43813052750646436,0.2087850828620234,0.04470716317069885,0.0,0.3,0.7
C,46,1.5,0.93696875,0.685502229706552,0.9547645306131114,0.570457258524939,0.858671875,0.12235385400545297,0.5225082793735101,0.0005595879632682416,0.2022639536187533,0.15690625,0.46242197475925834,0.2447862623007813,0.04387967468476147,0.0,0.3,0.7
C,46,2.0,0.84328125,0.46997400071867934,0.9115655966053838,0.3221478454895824,0.868515625,0.4780404250501495,0.5628453628412778,0.0011374487965979453,0.28415692394305125,0.3204625,0.48996924727962005,0.321881322830623,0.041446275271369,0.0,0.3,0.7
C,46,4.0,0.14905,0.15377826395017838,0.7697153498110564,0.0835347819628074,0.966484375,5.333189538192701,0.4138509561154119,0.0006513607988967026,0.48251775300177663,0.98378125,0.5867411641649919,0.5157792441100357,0.02864738322400947,0.728475,0.3,0.7
C,47,0.0,0.99715,0.9821888914928522,0.9996070376188859,0.9821121699734416,0.982265625,0.0001292745566438145,0.4913435708695147,6.0135815289614296e-05,0.16464922381722666,0.0497125,0.4114487118966119,0.17790099905582765,0.041719513084469424,0.0,0.3,0.7
C,47,0.5,0.98313125,0.8891626627243234,0.958203550388502,0.9372348714397022,0.84578125,0.005588537673973057,0.4970516942617989,0.00014001998413370206,0.16960677012465653,0.054475,0.41934212325584197,0.1881820150671984,0.041677994647715134,0.0,0.3,0.7
C,47,1.0,0.96930625,0.8148818274341287,0.9525123617421025,0.7873115303372423,0.844453125,0.014009864939447583,0.5002474080567421,3.604281145520913e-05,0.171186478329975,0.0995375,0.43966477606303916,0.2042828381746134,0.04402634322999606,0.0,0.3,0.7
C,47,1.5,0.92320625,0.6390104885859506,0.9383621268894362,0.5120779771154118,0.849609375,0.07994589331919692,0.5109617908538424,0.001022206466340685,0.1932203902453491,0.22055,0.46786053861927573,0.2386353175013536,0.044090339958080794,0.0,0.3,0.7
C,47,2.0,0.80746875,0.4173554500576876,0.8892808439835258,0.2753362781063612,0.861953125,0.3635350360623422,0.5316010862263304,0.002428784034699751,0.2721477402089895,0.45084375,0.4992800197871744,0.3163755362971693,0.04224085114766715,0.0,0.3,0.7
C,47,4.0,0.11316875,0.15051935223156823,0.6264342064898948,0.08150549486173696,0.982109375,5.563886396201607,0.2534227110675527,0.001175669282859598,0.4407661782315942,0.99433125,0.5956042259958058,0.49047346270055786,0.0246808651431886,0.33375,0.3,0.7
C,48,0.0,0.9969625,0.9810111744940221,0.9996887599779212,0.9812412068156948,0.98078125,0.00018142313980815887,0.4845860454693963,0.00014234045825748377,0.16290930936164988,0.049575,0.4204660952030281,0.18244838024822813,0.04308017463324541,0.0,0.3,0.7
C,48,0.5,0.98293125,0.8877840325430415,0.9181637188455333,0.9363786079570079,0.843984375,0.014129161904315084,0.49421390848416613,8.563455607495397e-05,0.16826098521826796,0.0499875,0.4259064399453413,0.19372020676769636,0.043919383351372195,0.0,0.3,0.7
C,48,1.0,0.96853125,0.8109630185845692,0.916489863122028,0.7806288398988074,0.84375,0.024514703351085118,0.49738350374371265,0.0002483629263692451,0.1734295419703081,0.0785875,0.4434926792952572,0.20912604805849141,0.04388267507390103,0.0,0.3,0.7
C,48,1.5,0.921575,0.6343822843822844,0.9059888923976732,0.5058550185873606,0.85046875,0.0971814879361048,0.5073501682611672,0.0008771891681226961,0.2011479069649977,0.1628,0.46868117266473003,0.24597478485284946,0.043704027741255515,0.0,0.3,0.7
C,48,2.0,0.80513125,0.4156311498453753,0.8787972438646401,0.27340648502034276,0.86625,0.3824968638873557,0.5286534911294323,0.0025421342204919287,0.28092909835186697,0.34305625,0.497570153331803,0.32414095040727026,0.04184299262325491,0.0,0.3,0.7
C,48,4.0,0.10908125,0.14992217643585967,0.7438395521081013,0.08115593949137113,0.98203125,5.408924437877492,0.3069632366854557,0.0012558112654101614,0.4528586321853943,0.9875,0.5995733617081157,0.5045662966647977,0.030297906599203023,0.58255,0.3,0.7
C,49,0.0,0.99659375,0.9786215823951673,0.9995744506835937,0.9827463956511463,0.97453125,0.00013172335805359444,0.4951413717698195,5.055872261211919e-05,0.16598706243878,0.050375,0.41008311317931,0.1792039817914516,0.04245633510075341,0.0,0.3,0.7
C,49,0.5,0.98384375,0.8940704011801828,0.9201259781547215,0.9401878824441955,0.852265625,0.00876358614317917,0.5040412451217825,9.38942112935689e-05,0.1704302197413411,0.05090625,0.41531789639095734,0.18378085753022952,0.040158808647410046,0.0,0.3,0.7
C,49,1.0,0.97115,0.8256007254042618,0.9089521065090014,0.7993854258121159,0.85359375,0.018863506442128742,0.5105568973100484,0.00037750908834200287,0.18090769459722644,0.07995,0.43271656669826736,0.20094506056230335,0.04048121372681166,0.0,0.3,0.7
C,49,1.5,0.930625,0.6642061955469506,0.8920258189325748,0.5419628751974723,0.85765625,0.0922632677844141,0.5245083283412613,0.0012292592927646553,0.2117655027287355,0.17193125,0.45871990735897605,0.2419694133103584,0.04237567402140918,0.0,0.3,0.7
C,49,2.0,0.8365875,0.4594359907376778,0.8697481700067935,0.3123875393612236,0.868046875,0.3831490659491839,0.5470959280775575,0.0017557039671748207,0.27380980673701033,0.37090625,0.4904367215180832,0.30678255462604215,0.04271657912408536,0.0,0.3,0.7
C,49,4.0,0.15236875,0.15562487158893518,0.642763795537534,0.0845504914860943,0.97640625,5.576735285046883,0.2699597422412804,0.0009252422179543982,0.44021395138140224,0.99273125,0.6138344200619118,0.49777930575036244,0.028736146116681852,0.5068625,0.3,0.7
C,50,0.0,0.997275,0.9829501016737057,0.9996487299380096,0.9840275602881303,0.981875,0.0004242562697094773,0.4847974875073931,0.00019740302589394,0.16617740480223364,0.04949375,0.4118531090670364,0.18116622965853285,0.04366664965497564,0.0,0.3,0.7
C,50,0.5,0.984475,0.8979960578186597,0.9510787284519361,0.9465027700831025,0.85421875,0.015325759562464944,0.4926393489265377,0.00016390297164540091,0.16911028283091067,0.04861875,0.41651698924886577,0.1864948498902914,0.04173204499447572,0.0,0.3,0.7
C,50,1.0,0.97305,0.8357333333333333,0.9461952389924423,0.8155390334572491,0.856953125,0.025557748293499986,0.49701060261508456,0.0002430600686596668,0.17568728076274717,0.0755375,0.4336494173771316,0.20195762358001734,0.042694691187887504,0.0,0.3,0.7
C,50,1.5,0.93321875,0.6735111681486234,0.9330198433254075,0.5530687007577658,0.861015625,0.08984100191482824,0.5101215109705528,0.0008186000002993396,0.19613072804681123,0.15799375,0.4593130171713481,0.23603101693902417,0.0440248535506267,0.0,0.3,0.7
C,50,2.0,0.83243125,0.45434008344357385,0.8877548483143682,0.30719691757258843,0.87203125,0.35232177467048137,0.5361839764173232,0.0015767085079342092,0.26469255441047396,0.35081875,0.4907280479378422,0.30459989200193827,0.042040674787933836,0.0,0.3,0.7
C,50,4.0,0.13878125,0.1527867441360017,0.6382150985054348,0.08291901631686076,0.970703125,5.3954915412653275,0.26873571386081885,0.0006983713273197367,0.4333090779028392,0.99218125,0.6073498906975527,0.4907437964352033,0.0272224769656089,0.3839,0.3,0.7
C,51,0.0,0.9969625,0.9809620808523973,0.9996108079993207,0.9837366436203645,0.978203125,0.00016410451679777863,0.5091438752460031,7.417061826309835e-05,0.1729905368716387,0.04993125,0.4150129283148027,0.18363175794861464,0.041088084099313665,0.0,0.3,0.7
C,51,0.5,0.983375,0.8911085639430162,0.9479595384680706,0.936016511867905,0.8503125,0.00932032927109909,0.5147697526321057,0.00010288783297914187,0.17604826315544916,0.0535875,0.42226363033490744,0.19321154826598902,0.042500629431724744,0.0,0.3,0.7
C,51,1.0,0.9693125,0.816421147087415,0.9373349941087805,0.7828768105549978,0.85296875,0.022159276734221724,0.5163984316166984,0.00048273046690834094,0.1830659982605453,0.0921625,0.4413274837549892,0.21360222920582875,0.04454573003183915,0.0,0.3,0.7
C,51,1.5,0.922275,0.6381938787385081,0.906379310939623,0.5084368625996663,0.856875,0.11076838961998649,0.5216044547793683,0.0012076549390903353,0.21259715516335184,0.2022625,0.46819955679446446,0.25328897617261525,0.044133540811495564,0.0,0.3,0.7
C,51,2.0,0.80633125,0.41851038675899344,0.8623381777556047,0.275408135542987,0.871171875,0.4408716646982885,0.5286404291061257,0.002382411680668039,0.2872608589661095,0.42528125,0.49897494485004573,0.3254261974145348,0.0410415740756186,6.25e-06,0.3,0.7
C,51,4.0,0.10776875,0.14979542490277473,0.6071359311311141,0.08107846740034427,0.9825,5.637983521180007,0.19983040434455235,0.0007957772472997586,0.40994547975726475,0.99423125,0.5934941440083132,0.4683138034246128,0.024075538274394605,0.077675,0.3,0.7
